bidder_id,payment_account,address,outcome
aee383561c0019dc01552bfa5263af8etbuc7,296fa05acf2f73c8438562940d2b8204uhxbp,c0649afaeb5df1acbb856a732cd76424k9rq8,0.0
ec6d3fbd8408ba43891370d4ffe41eabhnwbs,a3d2de7675556553a5f08e4c88d2c228r5zgb,8e67687228a28858db3b899574989785c3yxw,0.0
b5d61accc925a0e86ab7274e1ad82532gb1w6,a3d2de7675556553a5f08e4c88d2c228z3tuh,a3d2de7675556553a5f08e4c88d2c228b83tj,0.0
683833b860c003e6c31c521c9cdb49a1kr6b4,a3d2de7675556553a5f08e4c88d2c228jg51s,a3d2de7675556553a5f08e4c88d2c228i3bb3,0.0
bc7722baf876d0735ddc885691eb687bgz365,a3d2de7675556553a5f08e4c88d2c228anxa0,d20c4c76e701af07f7d77db657e7ba70cq4w1,0.0
7a3378ad9999b1fde0a4562a9b036f038cdal,a3d2de7675556553a5f08e4c88d2c228xb0m4,8b364fa601af02d98e6a142050de9a8fp5n4z,0.0
b37b352197594dae96bb9219bf59d656oz79f,741f0cc2cc8fe65d86e65ce3c1ad9757hprgo,ad6673379b129d23eb72f94463cb9700w3hpt,0.0
f19531503f1485a3014189a80971c6fb0d9fu,a3d2de7675556553a5f08e4c88d2c228i3f3h,062df1d5a5a7c8843b9cac0f5c3365b6nn7sk,0.0
0d1815382b08885d76c671ab600133adeyp5e,c2599464dacff6ab83518c48f33d094c5y2po,b8b1cd244af4e6dd6332f4e9bbdc20954q07c,0.0
6b531ceeec5892121e04dcc6f89b10a70yqoq,f39d032a3ab8b9a3b041b0a47723d180e7ocn,0d008b0255853c9ed85c42dbc2cf2378n1o1b,0.0
f8c42ccd10c3fe515e53082f0cde9a18oxgws,c9ef8f9c82a24602bca4f1fc4e69fd6184m98,a3d2de7675556553a5f08e4c88d2c228kyo8t,0.0
4dd2a50e589cde2802c4bab143dea61ak517w,ed9f100e8c9f01555d156a0491f23bce3jhfj,a3d2de7675556553a5f08e4c88d2c228jm0mt,0.0
cc064e3409a1825e3c4e5c814376f140qxu5l,ca04718005c79d67dc199a0ca6609afehd68x,0ea303c664e37f28f4fffe27534e2fea65j3q,0.0
57c4421263d37c2cd2573cd7245a7a80h0mjf,4f2efeb522beb53beb9a470fd1a756e76uipi,a3d2de7675556553a5f08e4c88d2c228n40cp,0.0
322addd5687d99bf69306148e12f87dc5jbsh,a3d2de7675556553a5f08e4c88d2c228inzne,067b2b8d78e047310cd8e38f357e3e8f3dosj,0.0
f35082c6d72f1f1be3dd23f949db1f577t6wd,a3d2de7675556553a5f08e4c88d2c228ca3ms,52aaef935c2b3aed6f3ae77bb2bc3513so5h1,1.0
2819b8b2295f272f33f8e76fd344ce6bywj1p,4b5734c256e2e797bd16e914414335dcbxyvk,a3d2de7675556553a5f08e4c88d2c228fyfpe,0.0
b5a92183d20e5ca98da4065c874e0b9dezbhx,a3d2de7675556553a5f08e4c88d2c228tab3a,b9b03d5a127eb07aeb9163cdcf524e13hpmim,0.0
24a32bf10c4a5d4d91c27da4710c869a0nqim,7be9fea7243e9d146e74a291a8f9abf1jwv2g,a3d2de7675556553a5f08e4c88d2c228cox7j,0.0
4761b2fdb4ce610d1d8dd9ea50f478cf7et0f,c3b7b05e6f965949291e9ab7b68cfeca9jylr,58de3821ccf244c3ae779c4e61a12fd0iqsvb,0.0
81a6dd18d43cb3b1999176eea563b438roe7y,a3d2de7675556553a5f08e4c88d2c228nn8ut,fd4da97287d5803e65a93fff21b9afc1j983w,0.0
ff4e39c0be8af4b17a73dcb761e4bb6dmop0m,a3d2de7675556553a5f08e4c88d2c2286hsf2,a3d2de7675556553a5f08e4c88d2c228av2lr,0.0
7b22c9a323baf4a7bc7a3761e4a30bfajixmt,a3d2de7675556553a5f08e4c88d2c228lezqz,877a8e4d537794caef4f837bb26eed0cr46wy,0.0
8c09f4afd78059d9200cddc435f5c48ceph11,a3d2de7675556553a5f08e4c88d2c2286i4r5,1aab5d798b10e638bee030397605c3c4r4wmw,0.0
737d19fdceb065359c77b81d27053c4e5quiq,a3d2de7675556553a5f08e4c88d2c2280pus8,c70d0d8a30a50246aa5ca09c70d33191bv0db,0.0
c888cda1ef5931da0db90f6803cd0d368ay6r,9f70387509c6e21819ee46ec78689ee9qn26f,d5e5cc78b5eb2fee558cbbbf23e74ad4cades,0.0
45e4c7fe66077b5b7b338f19f476f9d85jlk0,a3d2de7675556553a5f08e4c88d2c228p84nx,50e2a8698c0dc061cf960729ed7de03c9bunw,0.0
3893d2c62d59c232112efd332bc342dap8b4j,a3d2de7675556553a5f08e4c88d2c228hhw28,14da5cd6232222e9f999374636cf0687ju21o,0.0
16065749457a14b26998fefca503c3ecf9og8,a3d2de7675556553a5f08e4c88d2c22829czq,fb5f20b04f48113f484f73988d44a09amfrk9,0.0
74582963d3774699f4215df7f2d17c1b6b4pn,a3d2de7675556553a5f08e4c88d2c228pawcs,aa4f04107b90843692d20a019695d702fw4of,0.0
cd856579a7c4850b60d8763520339449x0mqg,a3d2de7675556553a5f08e4c88d2c228dwtbw,2557b4e3cf4c90a55cb27515d0514920cpw48,0.0
bd8bd6cae40abb19b81b6b6a7775f63e5tk1s,10645c3dadae624f74757338a655c88fhiero,2c833c297952e03c0cf7ee9baef4d541sp52c,0.0
ed5ee107143980558fae26c1b5c7b81a82spj,cbb979c99dcfb9d6da0a237e97930f5c2ig76,21a8d4e86547247e4c769a0cf156c99139rl7,0.0
c755d2832026bc2a6f5d2d6df5740f06mr3nj,05cb55ed79a2808d456e5b3f7a0518fdtq5zv,7c678e357dfd74f2ee9252688467c8e48nfse,0.0
82ae4df0acf8237d7af1a790e3848645bp73e,0f7b42c9df2ef5acb157190977e8dd58gttw1,cf480cf92aaf9e071ec7c917afe33cc1soc6n,0.0
f939c17ffc7c39ac9b35b69e5e75179fv9pe2,a3d2de7675556553a5f08e4c88d2c2286s1m2,b9b03d5a127eb07aeb9163cdcf524e1344ac9,0.0
e0df56a5ea8094d070b0130d7178a996noolv,7956adf5dbbb2019ba3c97bf40fec174zsxj6,cb8cab3337c5bc1bb96ccfb18d6a62f7esh8u,0.0
86e50263881b0d382b55777185eb648aagh1g,57425cd7763f20d24b509ac1925f08e6z3cun,d7f04e93fb683991c8125508aba5b8a5lef3t,0.0
efc61ad6db17265a4bac85f77b154ef414tpp,a3d2de7675556553a5f08e4c88d2c22850etl,a3d2de7675556553a5f08e4c88d2c228d6pnk,1.0
a8c2410eb81513da23261a49135e4eeacw6dw,a3d2de7675556553a5f08e4c88d2c228xazms,d204ba7ab87c1efb88e93a824efc926ag6330,0.0
2d113999234e06201c0940286d405453wqjsw,a3d2de7675556553a5f08e4c88d2c2283x9no,552de72916db35365e9bbb53f40f40beia3ml,0.0
681b4f9dca9e70441fca4a58c05b0f50skmir,a3d2de7675556553a5f08e4c88d2c228cswim,a3d2de7675556553a5f08e4c88d2c2280ggly,0.0
d65efaa8129a85f85bf909e5abde8c3628gfv,2981750fbed3b561685afdf5f8bd484b499cn,a3d2de7675556553a5f08e4c88d2c2282r3s6,0.0
1e1c9332e90c1cb0f01da223bc043c528cvwo,265e5c1a73630867af7f38531b937605b51fc,3745707c137950f95bcba0a192923915eni6c,0.0
1d4eaaacb6127c43c1c007331cac135bpib3m,59729beb4c26651e35eb31a62cf089b87gahu,a3d2de7675556553a5f08e4c88d2c2288n1px,0.0
f725c5b4cece8353da7a636fcba0ecb5yxshd,408c3402bf7ba25694d276ae0a49689czg0d7,4b3d192037da6b9b2b1230edc819d495s607c,0.0
790c497536a2a9fe080c3b2ee6d5eeb9caiv8,a3d2de7675556553a5f08e4c88d2c2287h8ca,93d4e6ae896e363503fb5a5d06e52b448h1ag,0.0
ecce760edfc6ec5cd5ddc7037c514dc3zod4i,a3d2de7675556553a5f08e4c88d2c2282ohix,2a96c3ce94b3be921e0296097b88b56aqce9t,0.0
9dc039dc57fd67bd9e7157f4f697ae7eloov1,a3d2de7675556553a5f08e4c88d2c2281vjma,b10ea6565508176c2ba14ecb9af80992wg5px,0.0
54e279a4e162af7fc55d640aa62d0cbc9hxil,a3d2de7675556553a5f08e4c88d2c228e3oqf,468dd1460102da33213a29f0a6269841d3gsr,0.0
88103add66b7113729a9ca82540684c9il94h,60ee2c42c91d2ae262a5f37e111f91dab3bg0,9c799e345c0afe31a525f1f620740ee119tbb,0.0
e4a9bdad09ebc5d5a264723855fcaaad6q52x,a0dc95936282ff8eef7ffa54f295255c1gg8n,fa442b098896fe3f9aca16a6f100e5974s7wi,0.0
bd7d5414174da6df4b018c21495e8a2cxiose,a3d2de7675556553a5f08e4c88d2c228nfl0h,b26a9adfd0a784b91bbf92bee3350074yynl5,0.0
8b109c0aee5ed07fc996e73d28e65888o5jmc,a3d2de7675556553a5f08e4c88d2c228kyy0m,c4d1be4df14003386aa7311666fe3bf2zzmxs,0.0
6e18a078182a21b8522bb69a822cc338in7rn,f2cc650fedae4d52095dcc1782e45a373owlb,4363bd110b8f6c1f9109b7d65b649ce0jumb5,0.0
d9177cca9a1bfe3478cc4f11a0d57de2p8ahp,a3d2de7675556553a5f08e4c88d2c228oggrt,5cd3ac90b6c7c8f41e527a938db8492c35gx8,0.0
4444bfb455b90711234e0c25345abbaddrt0x,1b223b8687ec3408c7cd13c1582e5cf89m6r9,94ffc372dce471cc407d01eb2491950cw4jip,0.0
a6414c637c6f1275e2c62c48fb238c5d5aw03,a3d2de7675556553a5f08e4c88d2c22870oa9,18efe9aa2a264f71020ed46242cab513im7qs,0.0
313bb0007cbdd82f326d58c96847294c9hz4k,f6f08c62f2be82dc3bc9c4b00e76c988kv1x3,2f995e135b90d98e8af4dfdb128ae6ccvgy6u,0.0
a37b105534ddcabb169f6ae3ec928d85slw6z,a3d2de7675556553a5f08e4c88d2c2287jhlh,4b4e76eb424876a97c32219866321838lacv8,0.0
f9753e9fd6e25e0a1ae176ab95c31146iaqnv,f59998f253a31167010d2deb2bc4f8b1bv9w0,162c6a0806857137879cb7d4126c35cf6aygt,0.0
b258a38ef4cc6ea241b5473ee9badd32ekhoy,a3d2de7675556553a5f08e4c88d2c2285odf9,8adb39c02032df1b9d0a655401ec3b5bbme5b,0.0
45cfe8744884eb207048e3cbee31ec56hd9lm,a3d2de7675556553a5f08e4c88d2c2288uy6e,6a3908bbb5cd298d25521099465a623byh1qr,0.0
1b26a52e1e5980c8487bb35cf5027fdfwfnzp,879c7091fb98052b8ea2f0cd41fe50a3ht0be,7f9e09d47507cf6432086dd4f53814fem7jm5,0.0
cffb5f3c1f4ca815d0f643fcb2f2f316beod4,06602d61e71d281961c94a143471a38ei23rd,a3d2de7675556553a5f08e4c88d2c228o21d6,0.0
272a9183c10d9e80eda8ccaf6682db71203nk,a3d2de7675556553a5f08e4c88d2c22839gkm,a3d2de7675556553a5f08e4c88d2c228g1czh,0.0
60b8145bcfed7a5f2a23b596a8aff99cdzn4m,5d0b7d8f7c4f94cc58e6891f30dc6030nx7xd,6d17923098a99d8fa50dd7ff7311f5e1585dq,0.0
e588d3f7a141147e4f8dba29377144707vupo,a8906c9c90744330a3d81b58484603faampb3,b312117de5aeb80a49c753f562c4b2d3sezk5,0.0
2e1eb5b56591662fd7ecd7b39621bbcfgd1ks,fe4347a1ae4124e2b7ee04d216de6dd72lydc,a3d2de7675556553a5f08e4c88d2c228qtdfm,0.0
0bf6e0e5184b3599bbb4ba1fb3a43549ije34,10e3a87cfffd430416ba197ed87786aajk3mq,13f16b801dd300fdfacbefe1685c8834ycx1k,0.0
309f446bdb138faeb18072285ccd9901gz80c,a3d2de7675556553a5f08e4c88d2c22897zdw,63f6d994e83702f2689d6dfbe6941ac8shogr,0.0
6a97f70ba29a04e77eb3b137e157070dc2mqc,2d93130495263374d90e26288ec37b5buv06j,52debdb56cf223cbd0add65b910d40336e1zv,0.0
45fe4f0fb849e7195a1efd5495d1285f2culj,31a774fd9640913e9878d513df8a23dclh73i,26f81ae926e469099f9e2a45cf6702120fdya,0.0
b970a53727b2bfaf02079779c846a52fj3f0q,d0ed6177f04efe9e081d28f063fed0e8zpurc,c7ede474b7a2015e82e2d6651f8b043dq6ukp,0.0
84f06d2c69695fe24cd69f8a1aae21a7kozbn,f399d0d2579f7d3e766024a371e5b0f43ppyw,26e2ac38532db7d9bac197efd813a2d64jby6,0.0
a664b6b42fd48403fbd34800063fa50bz6k4m,a3d2de7675556553a5f08e4c88d2c228zp7tl,7616ef35562abbfb3e90af513f816e50zhvsy,1.0
591ef8d73236d150c32716359a61ff2auk6y6,a3d2de7675556553a5f08e4c88d2c228mn264,4c4ea354e162e8d040ec4ca4cece2a4e9xk1s,0.0
74149197c8684977e397ab60a6a264836b0lv,a3d2de7675556553a5f08e4c88d2c228ymxx3,004ea345038ec0fe71240e0a6b440b1dzsg5f,0.0
1680f758aecded6e25096b3a6199b38en6n73,c114a96e91325e7a6be1df9197e18da1uvpir,a3d2de7675556553a5f08e4c88d2c228uxhaw,0.0
6a31ec9cbfe23a9398e80403859f0402cg4ql,c238db6c012aee5b80f2501857fc5a6dqo9lq,a3d2de7675556553a5f08e4c88d2c228gqr98,0.0
aa20f72aba9804a4922195f66a876688rugsd,a3d2de7675556553a5f08e4c88d2c228s8vv3,a3d2de7675556553a5f08e4c88d2c228bp0r5,0.0
98783b6bd490f32f56c315307643c824nimw1,a3d2de7675556553a5f08e4c88d2c228no9d3,a3d2de7675556553a5f08e4c88d2c228e1ygc,0.0
bb43fc12fbb0fd2b2536e4033ababf59exffy,ec8ca5bb8527d63bc9b8dd3e1b1b2c51j7gul,093e0b16301ad29c46cb6efc9d1f4554du8uk,0.0
036a4050a5dd65e70f0f613ec2e38a74re026,a3d2de7675556553a5f08e4c88d2c2281oiod,b9b03d5a127eb07aeb9163cdcf524e13td1at,0.0
ca68a41b3a4062f154dc1ae8456cd792d6kp1,5a8c8865eaf65dc094a6bd9d6e7007cfyoes1,8c0208e5d54bcadefc0f3114758d72c423995,0.0
7eb7b2f6a914afba5c3d207dc28a93aed9pnc,a3d2de7675556553a5f08e4c88d2c228m0wby,36cc5c32da0bdaae8f3b312c884c6a4d7txny,0.0
b416bf88dedd6ccdbc3a2146524500258qdzz,a3d2de7675556553a5f08e4c88d2c228jea4q,a3d2de7675556553a5f08e4c88d2c228w88wj,0.0
72bc07c7241e1856ba31609d11501c91cswlb,a3d2de7675556553a5f08e4c88d2c228nh8ia,a3d2de7675556553a5f08e4c88d2c228yc19f,0.0
2cc1c5bf18c858fd9c74901d8d80ab70ak8e0,a3d2de7675556553a5f08e4c88d2c2282jp02,dc465fb916d7cab3c086ebbcdcc1ed134vgrz,1.0
01c5692d487454cdbe731df330bef608f48zz,240f40b4e3ce8f0d3bf8b7abdcf7e9d955tqa,58048808b920ee7ff05d34d2f817dae1vt41w,0.0
f0f21cd3d51b7a233988cb1c3c5df977zjqkj,45ac2cef27156ebd0b8fd57fe4115348qgcjc,3bebe0cc21c2df376efacaa7c8707645w0pfm,0.0
4fcdd880c4e1a1767c4d26f74bb3466f11osj,a3d2de7675556553a5f08e4c88d2c228ma0xs,3a7e6a32b24aeab0688e91a41f3188e23njk7,0.0
b9c59dcf41cd0a7ba779154872019cabmohkm,a3d2de7675556553a5f08e4c88d2c228sfgef,e81087cfc8768c32f19eab8bb3e8740c8dn8n,0.0
8acae9b2e5454fbd92fd0b3d79fe89ad6w2wp,a3d2de7675556553a5f08e4c88d2c2285zgt6,a3d2de7675556553a5f08e4c88d2c228cf66o,0.0
46c0ae10d60c4fde2b6301bbafecd7b8dcla1,31b07e6f832c3f123c20c51db4a80bf8oqrrz,000475f9223b613ae0f0939fb7e580ebxi9hj,0.0
da2841ffcbeabaac373f00039c10f39fty6fa,a3d2de7675556553a5f08e4c88d2c228r66qp,24d6c48fdabdc7216bc16fc3a1d65fdcqe3tq,0.0
d92c8c2d4c29d4c785431a8b34ea135awepbr,a3d2de7675556553a5f08e4c88d2c228zjt6r,a3d2de7675556553a5f08e4c88d2c228fzv5w,0.0
486dc9de91d243625863313adc03aa6bv4s1e,4762f95d1a1e0da30d2e61f66de47ee1xt4m1,80a7e266320202a23be124994153e4100rzom,0.0
3ecced86078287dbd2eac2cfac98367fbbelu,05fa32014c5721cbc5ae1a6cea5fbbbc2t9gm,3c28e51a659baba17e9c6d9650b33fa2hpydb,0.0
3e85a43950c71b1988a814682abd4392yakvp,0ea514fb3c314a8f9755b8e1ad0dc32by83z5,354026b97d61cfc0c97004049d2f2bc480j7p,0.0
c900620a019e78a3eee44109e4d1e1d2xd2gj,c0ae77cecb039b4d2b025cbffe7781997k821,88aeba15b393ba0f0b425c6bdef69e4d44smq,0.0
340bc29eeeb9b9d04eb1fb72a1a9a2444brgk,a3d2de7675556553a5f08e4c88d2c2286mh58,e0d870a8c6513b80acc35b95b12a53d4no7tw,0.0
af9c96944265cf541b3fe734a057821a825l7,3e9073fb9219ceb4a1dc9dbb9e1acbe9dgj47,2367520c8d94e70f47f4e28e72004ef9kv3c5,1.0
ca76df527977e5168e1b3352cfab2ed9htipb,d75b72c487117542fcbb0ce7a24371911a5de,af1f7f6037629540231bf20ca424d356wrk9v,0.0
36e2e2f32a3872d3e958c0a58ee79bd129xdy,31c80df37f2a4d50079db7c28cdbe4c0lo8uw,6640b1f8c2524b65d6794cb96a8feccaoy7fk,0.0
1a9765ed302d0f91b512c23112066e41s755q,a3d2de7675556553a5f08e4c88d2c228lgleb,a3d2de7675556553a5f08e4c88d2c2284zkxm,0.0
b34fe965c04012fd22123ed948257184pqvfg,a3d2de7675556553a5f08e4c88d2c228eqiew,270a9d13178693751b9e3cce3d7d425ajbx30,1.0
15f34e73687d7361ac0d780737fca261g2s9n,a0e6c6b24f768d89be4e7e8b0bbebfe5jegwj,a3d2de7675556553a5f08e4c88d2c228hec5r,0.0
2515c5fd81638d5d0bca39a2b2be3995tante,3e9073fb9219ceb4a1dc9dbb9e1acbe9y7ph1,2367520c8d94e70f47f4e28e72004ef9fw1jg,0.0
7959bd565852dd880cd31278fab3660fuaqyw,a3d2de7675556553a5f08e4c88d2c2281j5pu,a3d2de7675556553a5f08e4c88d2c228xdt3c,0.0
5c725e840bcc103bb8d12c54ba9a0b37blxvw,d666158918d757760c1b7baa1ffdfdbf4prw2,14e25f15dcf8391773c1ff2d54b65a0ebrltr,0.0
76ab7c99de4a3141bf617bf30bec9feep3zuy,a3d2de7675556553a5f08e4c88d2c2289w9oz,a3d2de7675556553a5f08e4c88d2c228iehsw,0.0
340d7ea497f16bdb912ec5c6ce467f71kk7hy,a3d2de7675556553a5f08e4c88d2c228y6rim,a3d2de7675556553a5f08e4c88d2c228jsz2h,1.0
a48837ccd05bca96ddbf02c55ecccf639adk2,a3d2de7675556553a5f08e4c88d2c228bx29u,d41a897cc651df391c1dfa8dd2ac3bdbobtlz,0.0
d7eefaad31febe607c252199a7672420kl1el,a3d2de7675556553a5f08e4c88d2c2282cfu7,aa21888b1759b2f3e396cda878024324djqvw,1.0
9dd7e7ef94a7bc5bc9f98c42099910e7o76qh,a3d2de7675556553a5f08e4c88d2c228cx5v9,2a96c3ce94b3be921e0296097b88b56a50884,0.0
384ba7c5a8ccf55d174080d9ad7de9b8mfysi,37bcfb919beec655f9974b855f027098b3bnt,ace7e16e2dcbc0fce711f3136ed3f05a4s058,0.0
98c12418158dfb9494af01308ac2d0588gfw2,a3d2de7675556553a5f08e4c88d2c228o7poj,9d4d098b2be128b4f97fae41440eaf83d99i3,0.0
716079d1913959ccae0307f760bcddddt6d4o,a3d2de7675556553a5f08e4c88d2c228tovg1,71aafa11c75c0b06ffe0d8736cafd951fh82p,0.0
cab0d4e41ea81636de3bd3a1800d8da8x4yca,58f127a97843312f5f9c5c7f3e824a90vv016,2fc0c77348b8b62e4d0f522af77a1effv6gfs,0.0
8d49c8e70bf96a255baf30acc76a3f59b394w,4620df48a0943ae9ea95fe14dd0ac6627c9jo,82ed21ebf7c972b2ecaf1e00bcb14fc5pdqe7,0.0
18076726ec814a6f56da2cb9ea89d105j8vpm,a3d2de7675556553a5f08e4c88d2c2284fg01,5d85e7f252359cde1259e7e5dd3ce265trhlc,0.0
061690ceb6004807b7906968bf382dfcbve7y,a3d2de7675556553a5f08e4c88d2c2288o042,a3d2de7675556553a5f08e4c88d2c228mmua8,1.0
caf32bc98f84a47829e76ffe104371f6kphvc,c9ef8f9c82a24602bca4f1fc4e69fd61w0jv6,6ee656ab443cb01afe99ac10d88066d9f6wzc,0.0
876b122982958678f14bb25d887dd79dun3qa,f2cc650fedae4d52095dcc1782e45a37mhd7h,7bce56b1f707f160a4719c73a484c69dqdn3k,0.0
13dfda714fb516e1f9f7abb0c927bdc2zmw55,a3d2de7675556553a5f08e4c88d2c228pe6hl,c55dcb06289890008601a155face5bf7je42h,0.0
ee2caa714a2175abb13eb6ef15196368cwc7c,5c7775f3483731dfcf1df02f170b6a044qqrt,cb8cab3337c5bc1bb96ccfb18d6a62f7r86pt,0.0
a2bb8b3e3ae4566203eb5b3021b4d594pohf7,5d0b7d8f7c4f94cc58e6891f30dc6030j9q5e,09f074f62fbeabf9bbd21e0da1ef2fc32gseh,0.0
3ce8aa0207022698b6d0eef09c89b381jzqi1,0fa51ed75458d0ddff71bbd5e5b2c630661xh,a3d2de7675556553a5f08e4c88d2c228v867y,0.0
fb9b1e58ffba4b38175c11e03e51e1f48dnm1,414a2e76cfedb6a00e6358578faad6f7ffemv,f8c503da9a2460a72fa2c4876a741d85uswah,0.0
4038ae3276c0b47f420a5d73687fb73bghgxf,4b21a2aad7b30ffd73176157fc4f5e676q4cp,2de653e0e49627fa177882acb93ee0dei65v7,0.0
90eb8151eb82441b084d04893151619837abp,a3d2de7675556553a5f08e4c88d2c2281hkxo,3a7e6a32b24aeab0688e91a41f3188e2yp9yp,0.0
dfa7ead5ef84eebc79c67d3daac340b0exa41,02a1f58ad67fec1b2925bfcb188724a7fbwm6,dc02541a60a52af3a1cb0deb505b1bf2ybdzb,0.0
a1f4d216a1a92507d97166151d7c9fe37bei4,a3d2de7675556553a5f08e4c88d2c2282nt5z,a3d2de7675556553a5f08e4c88d2c228td41f,0.0
8b4071f3e2702b88481054081363bc15her3f,4b2a9aa10a8d701d56a4deb4f7dd6042wwz7f,29340e48e02d0f098c366e63adf39d9fmmv5b,0.0
848d3eaa622b26fe57d352eedd9649f4v6obv,a3d2de7675556553a5f08e4c88d2c228ss5be,42421b4ffadcdd23833d2d4bf9c2b6fezlco0,0.0
a4630d8b78c796441a1be187f6907b11c5eu0,d55a150b81ed2abcb278e92af9efb2a8htq96,7016ebd7de6b772c21ad0fafd4041b72e48wk,0.0
9f34ed261596a1114cefe81158c5617biq26c,3af0f333a94e1e512991eca049463ea64vy6k,9071e477cdfe4c7b784a1347e8a9bc4b1loq9,0.0
037d9f10da403d8d5f94b6e2957a3702f6x07,a3d2de7675556553a5f08e4c88d2c2280yk4m,a3d2de7675556553a5f08e4c88d2c228y818v,0.0
e76154d73bb7d7b86d9bd48d167d3c679z0va,a3d2de7675556553a5f08e4c88d2c228z4d9q,a3d2de7675556553a5f08e4c88d2c2286kvk1,0.0
679fe2a21415aa98a3cfb88abd0507edzjpsw,a3d2de7675556553a5f08e4c88d2c22815d46,a2aa862a42f6fb575928014ff77520fe6c5ds,0.0
96982cc1eefd6f526b512755151227c3h2w3l,a3d2de7675556553a5f08e4c88d2c2283pe7e,670c07702a3d9546f11909a5f10a5727x87yr,0.0
e22850afda081aba360cc18e2a9021caqjjov,b5b49469dd4e9f6b459474e9810eb914r5e6f,be3678b0eb4d15251a74fee7fbfcec8emal2w,0.0
9819825acfa7e20c47a78bda5e76b195jh0gd,a3d2de7675556553a5f08e4c88d2c2285torq,c047e4d26a46f9fb919883da4ee2adefm27y6,0.0
fe6ed3a12fbbf5da4980337564361710v2y21,296fa05acf2f73c8438562940d2b8204h75uc,0a642f7b5a2e549f57b2c462b2eb6f88d7nay,0.0
34914d163517a0cc4f0c971afb2352106vsvz,8b5cb5ca58263347c59bc5926f4b5269wo85t,5bb167fc2e62c76b08a707c03abd2e3d9fwpu,0.0
608d9b68afb12c6c27da6c6565ffe8297wvco,a3d2de7675556553a5f08e4c88d2c228o8hjn,d72896063c8e50e6a703210370d7f5b19b8b6,0.0
c2e1242ad5ea781923a08987d55365c69fii7,a3d2de7675556553a5f08e4c88d2c228ck7kd,186e3af2ea3d97f854014c021ee14734wun94,1.0
f473c995ca7b5287f9b2f079f0d78a1e92226,6dfecb36a62117f52ee7ca138e07a68310l6v,55b0714a573bbdcdc8d5d4a157f6de12lxnc4,0.0
d4b2fd8f5e8e02b660e9803cbcfa6cf2t5szq,c3264a8fab595c2779789218d27efcbavu7uz,38feda70c43a12d0852ee3478f0b7dd7kk4uy,0.0
4483201dee43b51f338c0efd3b13bb895tric,a3d2de7675556553a5f08e4c88d2c228x8kuf,a3d2de7675556553a5f08e4c88d2c228avh98,0.0
56cfe8b0d574e1df3f823c2cf32226eff52uw,a3d2de7675556553a5f08e4c88d2c2283qq7l,bc94c8f4b1df26180566a8b5612d868e7gpwg,0.0
49f4481b6bc2255e745ef20ac2a720754r9mp,a3d2de7675556553a5f08e4c88d2c228vi7qh,2a96c3ce94b3be921e0296097b88b56a0mfx3,0.0
6c0212679f2439c4113386b2c6ef513e8wr8p,a3d2de7675556553a5f08e4c88d2c22881xlx,794abfcfc9a51569c6415a61a319b3529rca8,0.0
3919be53bf4bd411ba25acfdc1362b49u4vle,31a774fd9640913e9878d513df8a23dc6re99,f509b3eb5e1a3ef397db375c7923a1cf3q7he,0.0
50a4bfbac8a9653af4099ec1169f684c2nsgu,e5c540867562e7461a7ab110794d1772aff1y,a03a39d31bd28f8f8d4826ac04b10bedzcbqp,0.0
624ae2fe9394700eae7a35806e4bafaeq9cty,a3d2de7675556553a5f08e4c88d2c228euukh,3c32c219f099e426b4e850817bbb85d60avlu,0.0
86b6207b5e87d58ae307bdc1545a101akz0ew,a3d2de7675556553a5f08e4c88d2c228fn5nz,a3d2de7675556553a5f08e4c88d2c2288xc4e,0.0
167b4f37a264b72feb0f559b650d1cbd3ox60,a3d2de7675556553a5f08e4c88d2c228ahjqu,5cd29e9d73c691032c2075f8c8cb429f9f5g7,0.0
359444416c25e6e90ddb2e3d3d0bc23dufn9s,92cd127bcf0c3732db4aa19dc7d08d66hkbo0,ba00dd7ee75c237d8e69e0dd2341bc12k297s,0.0
429b876aa7e2d6741ddf322685363ccchue2v,a3d2de7675556553a5f08e4c88d2c2288q72w,1e3749dc284f97d7d8525f9818669ebbx283u,0.0
d2eca28cbe0a3dc69715d719c6958faaaqx95,a3d2de7675556553a5f08e4c88d2c228lix0f,4973b8cc37b3935f710dd01bf18d06202hng2,0.0
791031a63c9e2b4835caa9a4cc1768baias2l,a3d2de7675556553a5f08e4c88d2c228rg3h6,8500a4921ab7175c36865779f13ecbe2h1xa8,0.0
100d406b638e84e2da7c31b03100b874qiay2,dab1ae58a15b808c63d8dfcf734f5ee33qrf2,aa9eb842afd8fbaf5b8a76e3c6677262ar117,0.0
e613acb1029ecafd9792c9f75d468e4bmm9zn,a3d2de7675556553a5f08e4c88d2c228eovaw,a3d2de7675556553a5f08e4c88d2c228rj4u3,0.0
81392b54fee8e50ec74efb27cf0de8e32fdm5,f2cc650fedae4d52095dcc1782e45a37asokk,75de1bf25b5d7b890535381ea143f846fv8ux,0.0
cbe8d224a38ccff930674361b502e7beyuf1k,1709d5b0446ef37dc930d8daba9b96e71uwb2,f577cbb2e3f16fa7c22bb0dc2b5d80ccexv01,0.0
f334d76f60cae7c67ab04b9e5cc49907hqsc4,a3d2de7675556553a5f08e4c88d2c228m5k3b,384716c12cf6dc17aae1fce671ef5739cal2c,0.0
e56f611f1157381f4b689ab34b574e791qhcn,05c67ba7faaefff08b0a3c97742f1bc0g4yli,eff9d6ada4c268930ee05a81ec4e9ebfnc1go,1.0
8bce581a91921adaa5fc20e627cd7b94l6cp6,a3d2de7675556553a5f08e4c88d2c228mv53k,8b45000a6f3a363e55400d1a18307f7fj39h8,0.0
d0b096df6b5ffd2efe8d5cfad4a24912zs3dd,4e6973d678c7d89688469303cb03e71can98q,9f82c631cea34fea9f8b2509e8564bcdi4y2w,0.0
29e08b4d18198fe9265772fba3a4f6c4mj1rw,fe0a0e613a6f115e4b49f647caeef2b4psghj,a09dbd2297b7d5d9e628c64f0aca13dd83x87,0.0
f5edfebe95b4f637d1bcceb892b73dc7rhn7l,60d99c89676d956c2b14401588a536708lq6i,36bf208f88f86fcee326a1be5fd26988dx1iy,0.0
7daf0e51b276c6ab5bd2ccf520dae106graj8,a3d2de7675556553a5f08e4c88d2c228mo184,3d92dd3b8fa2ad44d67f55dfd4d072a2dcpgl,0.0
ac94684646bc6f708dcf4566f41ec05es9v44,42e8a50ac740d947c2ff7147891529b37k0sw,1a627601810d2f7676640ef128a1e5a5dokji,0.0
a8b8959fe64f490d32fc15a5d1144f87qj9ai,a3d2de7675556553a5f08e4c88d2c2280xu93,cdb7aba13da9467e9ebb551131f44b8dqn6ha,0.0
67616fd2a1de5c46e32041354efa88ceahbhq,a3d2de7675556553a5f08e4c88d2c228npg2r,ca8d4b018cb62966eebb2974f5a83b4f8nx9y,0.0
5c2e85ba72b9e9e16f77939fee7ffb5eivaqe,ce442d2955f573eb8b113d6152fa3a048q741,5fee2139cb8b87a73b214b211ed319898ckck,0.0
d7b66d95bcfba06122dc6f7a3c605fd73239a,a3d2de7675556553a5f08e4c88d2c2288e37k,1ff0eaf84512ac4e2b8dfaba89ca61dadty95,0.0
179a23cad40c51dd7804069bf769d11e1ftk9,a3d2de7675556553a5f08e4c88d2c228cg1ky,a3d2de7675556553a5f08e4c88d2c228oxgvw,0.0
5097b3a4011380b5d9447e1a7a20b1a556yzj,98b3163bd554513582a69d933cc6ca78u4n6f,f1228894c401fc001597377e2b9f577bajmao,0.0
d428139761f7b7563d57bb1f87b55876388j9,5bd6d1f97bf86a1a0554b2c12c0983121c4d3,8d023c15dc6f605f9a298b9d731be4f90v4gm,0.0
01a39439e7afbdcfe385eedbddb23d76zgdrg,f1620859bb80f8fe791bf5c3cddd0b54ezi86,c94cf5c3c5205afe0ef14ce669e015650as54,0.0
05c9fe8f8852ea069a93dfe39fc0571er9mdt,5db28809205e546668be9e9da2438099ko6m4,0f56b431514f1fbda6414fedcaa9c5102w4h5,0.0
183c4e44d09bc4ab990b957e765af311vlup7,6b48fa9c06f8a5b7477cbde5716e8522tcrpo,8053f3dc1c571b796ed1f7640e05794ekttvs,0.0
142a2545c5c01937b05ac6de9773f9efgx0eb,a3d2de7675556553a5f08e4c88d2c228cwsq6,a3545f01d8345b9b689593ebae81e274atpdz,0.0
0381a69b7a061e9ace2798fd48f1f537mgq57,fd87037ce0304077079c749f420f0b4c54uo0,f030a221726fbcdfc4dc7dfd1b381a112hieq,0.0
fd5cef3fe1217c6591500c715d71717anczcq,78800798cbf08acffd76ddd895832a0aq3pk6,f6b89eda16dd0ea7714bdcfb785c6a6cb9bb7,0.0
f12120e467869d3d5dbf7c7d0566a8e7bmmhk,a3d2de7675556553a5f08e4c88d2c228i9w73,a3d2de7675556553a5f08e4c88d2c228d0sie,0.0
af5d33f9724b0e8c1f875406c0556d1e6eotm,852d7ae9bd6cf7f4a5d8a3321998dd88bjrov,aa93ed2eb0134d1bd800f56b9c07a843jqspy,0.0
5aeb71cdc92fe5d1c4a4e127d7ca7783gzje9,a3d2de7675556553a5f08e4c88d2c228siito,e5a84db7c06d1deac0798b46e3f00af3thzlf,0.0
06ddad46112881df154e3bda0e90fe880r57n,a3d2de7675556553a5f08e4c88d2c228i8nnd,a6ed42b522b643dd393b71b9ace4a6e9lfelg,1.0
6d501ebf066c0331853f1bee9754e781obu7z,a3d2de7675556553a5f08e4c88d2c228koa7d,6d4c29ec2e3f693200b807034e743c9flmtgw,0.0
0fa357965f89388d8e7eb8cbc3b85c6bnnro4,3602b95123f130dd4f89b5facd9f4e8dhkdhq,1f9bee2bde528ffb3c0363451e819da2i5hgj,0.0
5f56908449455ee9670c7947614f7b4bxak3c,a3d2de7675556553a5f08e4c88d2c228cvfao,7bd736da6438ad8943c63a62b04febd7ejcnz,0.0
825226b69f2a5a8337ca611b38223989aumow,a3d2de7675556553a5f08e4c88d2c228liyek,a3d2de7675556553a5f08e4c88d2c228zklmd,0.0
dadbcec8b02ac75c5935f419b318ceca1wwjw,8b1f2ea50e654647a656a0c89856d1a1ejvae,a3d2de7675556553a5f08e4c88d2c228yzcli,0.0
ba319b8bb68ca6a12086f2410ca7fb3buxsei,7bfe2fd14a6061fb8bf761d4a78478ffvcrfa,64fd84e207ca65888a0b5ff495619749ub5sy,1.0
f4189a40cc622eaef015a19d75d9fe21mylhz,3486eb9e35f3508ec00d4ae2a415115drg9wc,88056103ea641eedf3b797d67460496b2xfxa,0.0
0d0d43ac593a891ce100d8202d3d72c3xsma8,1a2f4f8364d5131cd393ebd8c3ac39afyjrx6,f1d70c4035207e16c77fd6b943d80ba08kxkz,0.0
2b72d702b44fd7dd58062e326fd8e4779j8mp,8be59cc656d302f7089fbc43411b8af682iho,138e0e3b6eee9acaf0bfdddc1d56a239c2r7m,0.0
9f60e1593604631e10ad2677c51055c6mv205,a3d2de7675556553a5f08e4c88d2c228cl9lg,2a96c3ce94b3be921e0296097b88b56aajgza,0.0
246c55639cf85c682d58cbd2ed6a6563vk2yn,b4ee77a5f16782dec93e18781757fd0aav96i,fd959a9ecc89865698eae73e978a8f6afnsgf,0.0
e2165ff862178c7b2946f7f62f5a3e51wcvaw,a95c11eb38e397299d0e81cb4a2e26edt0u44,34bb99a3d13f932948b49386538c80d0e4ed0,0.0
6679d668a393f336ba9d1cb6a154e03aifmkr,f4d7a3f8061df48e7b39b6219bad9ba8o4mvm,dd70c30bee6e5a7075a1d6846b941c4af75a4,0.0
fdad47d27b793b74470086c35333d4fepycsl,a3d2de7675556553a5f08e4c88d2c228josxj,2ae108c0128208ead3f6e705f6850e1a6oc7e,0.0
a6bf74b19fcb2687ce345930c4c16d4e2txda,a3d2de7675556553a5f08e4c88d2c2285ilab,7756f789f04885a392a3625ab476a867g650e,0.0
c353286290001e0943ed9bb160145c42etrf8,a3d2de7675556553a5f08e4c88d2c228g0jf3,6cc9c695d09ff631cff5eae863fafbeb6e52i,0.0
012441119bcf83b23d4768bb72cea6d6carua,a3d2de7675556553a5f08e4c88d2c228xr58h,defa0d40bc633c07d94be3d2ddc9903cb7afg,0.0
a6d6f3f5034886fc00a1245b439de13a66ha4,836f68b7c31e5af430b1209ef73730c96xw9l,d0685989f8f0ec2929e6d23cf01438eaeqvn5,0.0
b9d861ce6162179a4b008b63e7fae80fjoywx,a3d2de7675556553a5f08e4c88d2c228rs5x3,a3d2de7675556553a5f08e4c88d2c2283ayqd,0.0
67083f257438b1b79cb09cfa601890855of77,a3d2de7675556553a5f08e4c88d2c2289m94y,3266da57b8c5c3b9d6696cb4f1a30e91h2ch3,0.0
dcd54d7afa6820e3f00e1c9e83aecc7b4f3lw,a4682bc5ff95943808962568e1f9cf67fasm3,8e7fbcb029c8c282925c274a9f12fd44f8emz,0.0
1b7c070ffb2c23c1d02ae5bc5d817d06qz4xb,a3d2de7675556553a5f08e4c88d2c228xz0wa,fb87ea0327601caa55f3639d208d3e8d8nmuk,0.0
f4294bb3abb69fa3183e7e851b58b278k83z3,a3d2de7675556553a5f08e4c88d2c2285r94k,04a7f938768489aa8b3463ac48121ec7j1hi6,0.0
aa75d58c3e1207618d47c72ffb19c872bolg8,06f2bed12caad402f367e5cf2b379a17pyrli,e5eb13a1d8959d9fb22fb15143de10e0gcye9,0.0
6531bde8d4decd9708ff4407ef95e887a26yi,a3d2de7675556553a5f08e4c88d2c228uinly,5cbbdd4e79c7e1c4cabe09ddb75c5a2ebjihi,0.0
874402ea8b408a017756404006b12708d9s6u,e05a3704b218c7e428a77405ff3ee956zv5ye,fbc10ab297226a3f3b4564a5e8b2f2163otwc,0.0
c8d3fc73c1a41bf92a5e4982eb6cf78du8gg5,e9da9487595e9e653cfff5a74eb718148eb8l,2c70b4e25195d80cf17e716c7654bfe2y0cxg,0.0
05a07a27e235d01fe480ea6ac73b8838jq28x,8c04f8ea4f1223e5a73c1da484c46274avl4m,4c5e5d2be8f6076dde4152418ca950d03tznz,0.0
8c33cf751b05ca6a9d886a379a84a2ees9jlu,cd1ea709310b008859c0cdac916b9689qnduo,b9a1f8858fa2679f9dc45ebae7fc660condo9,1.0
dd1675bf26316cd4630087fb47d0ff8fsug8e,a3d2de7675556553a5f08e4c88d2c2289oht1,63ce78587e427547c60b44e54d51a4c9xlx4i,0.0
ef89b74b58c49c1a321d3d7ce061d151k51xm,a3d2de7675556553a5f08e4c88d2c228imdf4,7e13f0ba4816888bb9983da4ff700be824jw5,0.0
024cf43497fd7381df6254888670f84bwbbam,a3d2de7675556553a5f08e4c88d2c2281bppf,a98c3537b9ab734e82ed07d1e97d88eax08c7,0.0
ef1d71dde32e587e761a1b39d5b374c7gk68y,a3d2de7675556553a5f08e4c88d2c22819fyc,764109868da883b5a8f7cb201d58ef81r89xz,0.0
70c31e8b3476b953648fd4f8775c1950m1uz4,51b3b0dc141de9433406f0cdc1ba06888rw91,490e6054ad1f7a6e193632bb0e5c17caetvvb,0.0
03244a553a252dcc3a3037f0371c8d33fmpd1,a3d2de7675556553a5f08e4c88d2c22886sbt,1df0b2cb82cd98e90972acc8e8a752detwki0,0.0
30da67f34e3cc215b3bdad588410fab5655fx,a3d2de7675556553a5f08e4c88d2c228gewne,11cfe0bb4a685db94232cf0ebcc74137km40f,0.0
aaa8650a6e0997e90e4b6a9fc2ddf555m5c1g,a3d2de7675556553a5f08e4c88d2c228zyygp,8fd62914925c41c6587ac9c7b5ea86814bk2f,0.0
37702159c6cd2c1a21cf66600e96cdc6rdbff,822810bfcf33e69e0fdcada7c2689a383gae4,0a8f0d1fcc4255db0d4d36873f0b1d259abho,0.0
0b68888358a492884e3885bcd73ea63bhxidk,988c8087646bb5398c2a7f2dae56c9011id6l,0f11e5e7f848d802639be461f6f291edmzf30,0.0
f186d292f4e83f70a92c97f92993f655ygqzw,a3d2de7675556553a5f08e4c88d2c228y0u88,76762a134e2de9e21c93873ed6013561z3iil,0.0
b3dc6151c6813688d0423dbab13d3f19crw2w,c2fed12af7715086f2bc9b949814d566hmqk9,17fd0f974b9dff63ff50f71cff178a08oe8mo,0.0
0e66933c924764a59760aaae5368e7d1e0s88,1666e5e98bb0c84c90037ba9041a0775wewwh,e7caab68ab7b669ca5d29366f9773ad69gct3,0.0
0a9c5e1f261c937c09817ea2d5e949f34v8oe,a3d2de7675556553a5f08e4c88d2c228sclzv,a3d2de7675556553a5f08e4c88d2c228bol1d,0.0
65f52b46edfc7fa64b9e74557a78e52c1it54,a3d2de7675556553a5f08e4c88d2c228192ud,ca8d4b018cb62966eebb2974f5a83b4f3fq4q,0.0
3a32eb1c6dcc818e0df4953e978f2e89ljhnf,a3d2de7675556553a5f08e4c88d2c2280jasj,794abfcfc9a51569c6415a61a319b352td7rt,0.0
bd0071b98d9479130e5c053a244fe6f1muj8h,124fa309fce08269cce18a84a4588729fjf18,dee44a87c5db48c9f6ca23e37d6f61074typq,1.0
daef74294e84ef6d7e009c2d51be6ee167xds,a3d2de7675556553a5f08e4c88d2c228obyjt,272020afb3fa8995604f9a3ca5e8b750bd6oa,0.0
4b32495335dd238db6285f7c6bbe051fv1qoe,60984914f12c2ddbcd4bc034adba8aa7ztuzm,e00c0bbaf904d8155da1f1fc85af7434ubil4,0.0
98a5197faba8ba72d6ee9e1c95d65d737sigb,a3d2de7675556553a5f08e4c88d2c228a8wkn,2a96c3ce94b3be921e0296097b88b56asrq2r,0.0
3312b8e73417810a88be459d75fe9bc2xhd8v,a43fc68dd4b6a959963ce138bad3619e873wp,43b95b7f5f8d931157619c8f0351573b2i4qh,0.0
90fe8d6fc0bbe4ff2ca7833fe51bddbaaibof,bf2aa7bd8510d7519d7acce910040c26mqoyj,2c8453ecb9c040d6054d802705b5222ecf4co,0.0
f2ea6d89dd9897f0d6edb6f24c446f01ra6yk,a3d2de7675556553a5f08e4c88d2c2284bl7j,5c9de1da50cc32a29ffd596ae24cd2bes9jcv,0.0
af98b7d5a7c1ccd2968252a2fb1c06f69igbv,8907b012e41eab2ec876dfd115ca4482e4uh1,a3d2de7675556553a5f08e4c88d2c228whg37,0.0
354baa6c4764a5bde013ea3f7edc72552r3oa,a3d2de7675556553a5f08e4c88d2c228zfg0y,794abfcfc9a51569c6415a61a319b352ew5wg,0.0
210ae8381324c41f7b49e95f1b7aed80z55df,a3d2de7675556553a5f08e4c88d2c228ufzd7,bbd6b9936bf0d590208bc951d9135264q9cd5,0.0
f895a8d9d7974b3ee7f1f04a25a950e9v63ps,286d1a8f0faa1add88910def859eb856kzpwi,1710a720456a40eda86a5e35dc60b1969azgo,0.0
d13cd9e0a7b95c0a35f3456014865230qku5q,a3d2de7675556553a5f08e4c88d2c228qxgdm,ed3197073e765ea3a0fe4e14fa4a3145d6enk,0.0
820dc943d26965d377be315497837bba5iz67,a3d2de7675556553a5f08e4c88d2c228u4sra,924cd8ca129a9c2b5c32e9bdef05b584it69h,0.0
f60edfe5177cab56896a9d6860995095cl1bb,01b2576b7aaebe2a96eacbc9ad17ed310tz4f,2a8afb688516c4218cdbaf3b70f23715pco0r,0.0
e268d06507859d78894a8f6e11995f48zls7t,a3d2de7675556553a5f08e4c88d2c228mgnnl,5238fb13da3ab773fcf837970118c2cd8r21k,1.0
e735a2301a18772a8276aa1f17ef79efu4yew,0f244480cd73688fab682a82aa37a5876h2xg,d07500eb5920adcb4fca292a92e7ed3bvnpuo,0.0
6713e820273f591bdff7d26a48ee30c5k4iii,a3d2de7675556553a5f08e4c88d2c228x2qy8,a3d2de7675556553a5f08e4c88d2c228tfgez,0.0
3d9910a238a0f282ad3132dd6fc981c8tv3tg,a3d2de7675556553a5f08e4c88d2c2281ehah,c856c4f51e949635cb567f7321bc0c6at1y78,1.0
916aedb8fd708e100318969dfe57a4639hexd,a3d2de7675556553a5f08e4c88d2c228rvj57,df2f15e817a58c44bacf2e04b8c21d57geys6,0.0
717a0a200628f9606d88afebaaeb409bv60y8,fcc90337693238ed69a24820c75fa136yrqj9,1a3e554e23e169897e4988e633fc0244oz819,0.0
9a12aa1aa3560062c6f84bd374eb5f7f422vq,a3d2de7675556553a5f08e4c88d2c228urf4m,a3d2de7675556553a5f08e4c88d2c22811yc7,0.0
48badabcce6015d257ff5809761486c8qgjul,6d22fe548a491f485f5901a8decf7a39q6jha,b312117de5aeb80a49c753f562c4b2d34qgun,0.0
39b501f37dde9b055d627394964d3260qiktx,a3d2de7675556553a5f08e4c88d2c2280pdjf,a3d2de7675556553a5f08e4c88d2c228yaooj,0.0
a2b4df001b0e40a398f6d4ae9b316c0eix5bh,bfe22e535f88f023b2120c11f57b0016nvcm7,016983ea67aca1b235a692a94555a3b33aywo,0.0
ec3b2ff6f725e847f93285bc9d2b7b3dvcd4u,179c75e672ff7df438934edb058167b67zb0y,a3d2de7675556553a5f08e4c88d2c228vlckj,0.0
57e1892d3d62d87c9ba5e8425a1958c0fn11u,a3d2de7675556553a5f08e4c88d2c228lcv01,a3d2de7675556553a5f08e4c88d2c228u3v7e,0.0
354d4abc23881a40b8f119225e0dbd09tk1u3,a3d2de7675556553a5f08e4c88d2c228pz4cp,b5d250564f33b4916b9b23f6f483bc48nsvb5,0.0
81207d4ecf830fee924989f4fe1eaa7fntkmw,c9ef8f9c82a24602bca4f1fc4e69fd61sxf25,b160be06cb3730200d95b0a9c74a7a1dnhu51,0.0
74487d5ffd5c34de4fecaf9dcb66f86b0wwa2,6271e3426149c3a8969d03b92f0bd79ekkq1y,f8857189a9ee68bbce581784d05c6d34tinlr,0.0
21580623ea81c5b0b82aaf74890218e5mio2z,a3d2de7675556553a5f08e4c88d2c228lkrnk,a3d2de7675556553a5f08e4c88d2c22819ksi,0.0
e587d92842526255c86d3b0d425747ecib83l,dab1ae58a15b808c63d8dfcf734f5ee3lkwd2,26108bd7fdfd14d2b7bf24aec40d86b2u12pr,0.0
4641b5a43c7a2496ef93af2ca590d2c94s20x,a3d2de7675556553a5f08e4c88d2c228npdf7,7afc333092cc8880ebf7c5638c756f6dbxco3,0.0
21114d057c297080f0f882420d2436b5mmukc,25fcc376c0120567fff4835d32cd5496q3oe7,c823c0533e26dc58de2892159f4ae65d7cwyd,0.0
0eeffc5039b27a4dc2e420eca75b1fa55rv5q,a3d2de7675556553a5f08e4c88d2c228eyxfj,bca4fe1e94cd2b728f80fc39486ad6c5zqbx6,0.0
c9416e793bd0559bca3ad4a5194d4cd1k8eyc,a3d2de7675556553a5f08e4c88d2c228ieo35,a3d2de7675556553a5f08e4c88d2c228jy3mj,0.0
b853c1e4d6a4657d35705772ca6cfdc3qtox5,a3d2de7675556553a5f08e4c88d2c228ld55i,8f72016d7be75a9ccc974c5b5b260092hwk4b,0.0
21c5f4fff051adecaf1b080fbf910ca3dvi6a,e4539d73a33bb644f000df1083ff8c091c1om,184c186eefc5ed97ee432fec6513282bh8mcr,0.0
4955e2c318d0bdca797ce17794ba18fblhaau,a3d2de7675556553a5f08e4c88d2c228768xl,2a96c3ce94b3be921e0296097b88b56agct4y,0.0
53856dce9187b16f2cf5e4e58f5d0397h7tz6,a3d2de7675556553a5f08e4c88d2c228pptid,abb28c73c734013283dab22d5912350azgwqw,0.0
8f6f7baf33fe2a5206ed3ca88446a99bmq453,a3d2de7675556553a5f08e4c88d2c2287pm8t,b1abeeedc3163ca5d0df0eecbe6923d0fc1m1,0.0
29db827ba14938954c90cefe40d26fe1130kd,a3d2de7675556553a5f08e4c88d2c228e9o2s,b4e0eb074f56490a685f418258a6ef12fb25c,0.0
1e050a096927d5b34f4a85d3af28d30eybsaz,37f74bfcdc903faa14baf849e5fd8b75yb1hb,865216c050c8aca5a6e7d4bb96bd099amjgt3,0.0
8f086b809805064f3c4a5dd48327c0f51yplz,644165a0f0b4adf062587f8c5a7a1a4ah4wmt,6aee0bf71520b4a73dc068d93712a5cfq2hkp,1.0
0a09adcd35b5f26d75f251006affc747drfu4,fd4a1ab95f45e63d34db23a4bc5618a6v86ks,bafe88e4ec7cdee517bcfcb50dfaa39a67nbb,0.0
222a0e05442fec0af2d20ebdcafe4b28c2pi4,a3d2de7675556553a5f08e4c88d2c228c6c9g,a3d2de7675556553a5f08e4c88d2c228eeryg,0.0
308a5541e1206e126ef80f18cc29b7017520l,a3d2de7675556553a5f08e4c88d2c2289vgt1,bab00c5bcd25c2a01a3804287b57c94an4x25,0.0
2d38a6af2ce96c1446f900aa4756b8975y9k3,1387f72edbcbb386228fd2a329208a47w2ail,daf8aa3d8f57b3c3d3d57a058758c347jwd86,0.0
d9ffd2f7f3cc1a546586701c2a6fbda24u9ye,e66c93c45e9dc836342d08b69f0e8bef0lcxf,bce25664f28a82da259af3c1884b13ed7n625,0.0
f80075873f7183a03b1b10ac3f740032v6w99,a3d2de7675556553a5f08e4c88d2c228p88hl,9e46fec7aa9d46d524cd3a859dba0c58grfsn,0.0
6767cffbe2c0957492aa451560655be3hjd6s,5ae728eae99faf773deb95ec4f2692dd309d0,48b9f8e5abc8be6a9f5f00cbb3784ceapsn92,0.0
572c9964ca41ed055830845993fdab29p4f03,a3d2de7675556553a5f08e4c88d2c228cvvat,794abfcfc9a51569c6415a61a319b352dj1ke,0.0
76c85d6bf559bc0323bbe1639d233e88nxy36,c0a9a5993597fda7ab897befe4700bc25q854,e60bdbe29dd76f92b2c4c650037e7223s9mcm,0.0
ce22684df495e376e32ac95d3ceb1164t37l2,d36db368cb5492a191adb30c928ff53diuw8k,bf959be257a72c07fed7e0d87e1fc33ejfp9m,0.0
70daecd44c89c37525aa2ca294378ead4dggh,a3d2de7675556553a5f08e4c88d2c228j9snd,a3d2de7675556553a5f08e4c88d2c228wkhi0,0.0
53e2d855e008a5c2f79b4b848d467b86nofo3,a3d2de7675556553a5f08e4c88d2c228ye49k,fbb8e5bcfd1aee1d4a13606e9e372874u1i6r,0.0
9744d8ea513490911a671959c4a530d81fj5e,3dcc2cb10c46e7a5ddf29200bbcc129aesify,c3f6fc5fa36ade4fb8267d5c3155570f46p0n,0.0
e8bc0150097c1b2b8b8c374b69e0d3a6mxfcm,012496a581025da14aa016f4a7049ccc2s1gm,8f8f43abcdd111239d8c5f7b86c6d781ft4wa,0.0
b7630ee9a73e7ba6f11f7717b7f03ed4be2hb,a3d2de7675556553a5f08e4c88d2c228f5ohe,c775fb0fc9b5991e6c864df5f2155f01y3wbz,0.0
d810a7956e4d9fbc246d585ce84e8ea0750b2,a3d2de7675556553a5f08e4c88d2c228su3re,a3d2de7675556553a5f08e4c88d2c228w3e4k,0.0
c41ea39b2e13b0fc9ccccc2546f924f1obd0w,a3d2de7675556553a5f08e4c88d2c22895d8i,f0cb1e71cc2c0001ac057d7715bb2f6f8zm2y,0.0
08a588ebf7b98f44f8fc695d02adfa25x0amy,a3d2de7675556553a5f08e4c88d2c228k3df5,a3d2de7675556553a5f08e4c88d2c228zfx3d,0.0
fd1299f1343236dea07bd0ba5f8ca220csnv8,3f7b235fa731f3f00a224637e4ef05387oezn,849913ba49083d2a6f7dca549729525ey1jbq,0.0
b77312a06d10e22e3caca85fc7fe0342b2adf,a3d2de7675556553a5f08e4c88d2c228neoyd,a3d2de7675556553a5f08e4c88d2c2287wjru,0.0
1ea558fc18eb1b3ed7759a3aed7662d3p77wq,a3d2de7675556553a5f08e4c88d2c228idu8o,d004574f1dfad479ed18f32678cc24eaecr13,0.0
38125387ec30412c438280af8931254dmvfgb,a3d2de7675556553a5f08e4c88d2c228u0viv,6c025470918ba3d815336fddb023f21flfc4s,0.0
28c0d4c81a22958352aa742f7d74e477qwo51,a3d2de7675556553a5f08e4c88d2c228dwfhj,bbde523bf0f65c6700a83f2b3747482dj7jw2,0.0
83a24bbff5a4cf9d9fb10391102708f1oqpco,a638b8af26b2bebd924a4c0b33a79243k3xcq,346e22a289f45f02d169e6c2ef301a1f5uyb2,0.0
0a92c4fa2bcdc8e952546d236b322053o5wbk,3441bb241bd8fb5797a4fa8a8995e720s47ff,13a493a4cc4caa2fee93fc3ccc57716ev6pav,0.0
d2f0217aa734f025ec008d24d13eca10ntuhf,e069bec9c25fbb62fc748b6f8bd3a796gdw1v,ced5a5b88e0f0a7e0fb2c8bd29f079cdxsebj,0.0
59cad1329d42bda3d678bae082bee7edgvt7q,a3d2de7675556553a5f08e4c88d2c2286zp95,554020f478d80ffac1ab38ea15efa7fahr7ed,0.0
3b947f8c954acf4354d2c3bdcd494fb0x54ee,071be0d0f0e8dc7e7cb8608464ef8344bmdof,5ce44337b58433399def32a40a892820ttkzs,0.0
97b002c9936e63a1fb9994a67615e84fft019,70298709017d78b00d1d9233ed7b2f9d9mw9p,9e1807c2d3a308a62f418d054644dee3159yb,0.0
b1e106943db37b1d002bcbe06b264b8bahuy0,202f2746d2ec002497d78649c1c7c777ti4a8,e0a9ce32db4de053cb0af19c03d0ee80wxyp7,0.0
c1624207d78346c3c58cd44f3d5472fcriae4,7badf0df2fdd737d44aba893ae736412dlsjg,5748b76e9f83004b5fe9ecee8445975b1lv17,0.0
3fe1dacbdaf96fab0c213e218968c518twu76,c7b27901a2e66ca11fca524d0c185022crfen,fdd16d78587006ebaee577b1cfa0f5f49miib,0.0
11a38554244f3c14de043aaf52345c35jjqvo,f6933372b401e65b5448165c627298e514szs,c1cd73ea36352c6fb49cd5f6102253eb6bc5u,0.0
6c0030ed696c4156b6ea3472374f6b54s4ih4,7822bd8c48bd5748dedc6072db2eec63ui2cj,a3d2de7675556553a5f08e4c88d2c228lnkqv,0.0
5db8eed67a7b648d1f2173b665b79de2vwdlu,a3d2de7675556553a5f08e4c88d2c228ptb15,fb21fa4e9a4009efe1ffb9f3138ba613zyuky,0.0
84c4b58a1491da3a30710bcdf61f87054xfq6,1437c51f3474a941b6ca04f599da8ed2s9e22,b05ca068b57ecca7cc85db7a811ab4b6t3ak6,0.0
510f33a3c0a290a0e43d2576d928a4abxieo3,c4095585f712676281376ff888d6168c4q3n0,99a17ae5baa8fa90487c64bec80d68a0m1zvv,0.0
537f38e5fcf2656968e0a1752dd494ba8z1jc,a3d2de7675556553a5f08e4c88d2c228x07k9,4fea00627d81ea14c246f6ffa3594c29daij6,0.0
b27db6c048fa41b496dfd3423226bb0923yfv,a3d2de7675556553a5f08e4c88d2c228s9f39,cd77a3175957efaefd0eff8ad3b275ddj3w53,0.0
27809fd62bebc89be450f9dcbdd25ed8il6z2,3d07d464b59b8a41ab9aca282bf615d8dwp9w,e57361b8cf657796eaa6989d8ef05d7euwt5g,0.0
de3bbaaa3bbc1fd1f751d23a972916d80q8e6,967d3e5f6c5dc9211f4337848b6b7c7aid1hi,fe419775e42dd0ad5f380cb32961e241rmgms,0.0
db83d746ba8e0c388805fa3fcb235743vfqmw,aaaf9373b9ca0550de757e6054de65b1au2m6,40f71967d3e011bb5f36f74b0034da05rfw0i,0.0
1af4685cda2979a608c4b6ad83473774qgicn,e35a74340ac6d90fcb4fe9b84c6eaa2135wqx,ceda5914ce08b87ec934e614452442903j17m,1.0
535ed161b4c9960a71ccd53128df4766ddyq6,a3d2de7675556553a5f08e4c88d2c228jrn8t,c00ae99c1ef4854bd838c9648ea6eb51vkdju,1.0
3a5420301c0dacbc5675f6f09aac0143tuodl,7e8765daf511e88d1e8c832db07dd7e265hp0,bd20dc70c53713a6201146da1f90d0879swuw,0.0
0ae09b09369c76737cba059d192451001nwce,a3d2de7675556553a5f08e4c88d2c228jumwm,c07682055477b12a5688b307419ba96e2xxy2,0.0
bc3d08ad6ac94b8b5ce40a29b59899cakj3p5,a3d2de7675556553a5f08e4c88d2c228dy4is,a3d2de7675556553a5f08e4c88d2c228qrwjy,0.0
b6e52f37365cfeae9204a9f408b8c3a4idcs7,a3d2de7675556553a5f08e4c88d2c228nsxk4,4d90f2e709f1fc0810e5aef472dd3935abdln,1.0
9774dc752f855f07b9c00eb7018b607c0ymxo,f41f153caa529b52ef50fc45f4af6be3fey9h,a3d2de7675556553a5f08e4c88d2c22835rzv,0.0
bd6adbe79fcb843aeb97546947af1236kbg7p,8ba84d3934dd9bf898188a0d643d96d4adnqw,a22ef4c95f656ef31796f6ea337915bado0y3,0.0
42cce5c657dc7d99911d950cb22fcb4fmzz5e,a3d2de7675556553a5f08e4c88d2c22839xxu,ae6a5029f50f60a725dd124e2bf9253dfrcyx,0.0
ee052a24cd3164af9d08fe77bd6b79dfrbelk,a3d2de7675556553a5f08e4c88d2c228l0xe4,794abfcfc9a51569c6415a61a319b352bvzbt,0.0
e6f73230e0fff1d9a6b1b8a6617002ea9owig,ee5979abfdebc879cd0167d88a23491dvzt3y,c3b363a3c3b838d58c85acf0fc9964cbjxfhz,0.0
b217ca4cdea62a3977481e398d2cc9bd4sxht,a3d2de7675556553a5f08e4c88d2c228zdjjm,4fd51de375605e5dca2dc94413a72c4d4stux,0.0
bcda2135a2456d611876679b61dac500vs7sx,a3d2de7675556553a5f08e4c88d2c228pt1fj,44ed9346b1d5e482209392f9926c62bb81fek,0.0
3e0bbd7d75cf543a56919ff5069b31a9gcbql,da9850abf95e78c90e5d71a63633d059j6vkj,cc49f9758295668c3126bcb8d70d19f4qxk1o,0.0
b2968116361fd43589bde8eca72c5767o71qc,a054361769bd4b5e5bbfbebd38f0be07b1smg,bf5a8d2983256e8ef4000aeb4967bf541c01l,0.0
2a7d1f9483d34546c4d099e36e3a79790qvjm,a3d2de7675556553a5f08e4c88d2c228umhlx,8557f4faa59059abe912018abc4e1a22wnxhp,0.0
5a823474f9fdaa129dea9fa690d51b62rgm7q,a3d2de7675556553a5f08e4c88d2c228lndbi,a3d2de7675556553a5f08e4c88d2c228y89wx,0.0
82bec02fec2f08899489d7a5c35a30a0lbszo,a3d2de7675556553a5f08e4c88d2c228xyi0m,e6fb7b82a32b7d2bfd1b8b86c0cd9e399823w,0.0
dbbf9d9b1d7fa110208f77a681008077plqng,a3d2de7675556553a5f08e4c88d2c228ax4yn,be7e2a684944a3b031f5dd5b67c86593th17k,0.0
9aca61f505f40a3b4f7865c2d00e2418s0e1f,75dad3641bc870c562036fae22b24bf35d7nm,c94cf5c3c5205afe0ef14ce669e01565hin4e,0.0
b4495464d4503ccb8e696994059983c89g4lc,a3d2de7675556553a5f08e4c88d2c228h0rqg,4d95b3c98bbf1ddfd88dffcd5224d1danyyrt,0.0
a3d0a600cdb44f03d58f27b19247cd0d4az4k,4f0b54f0b2fef7fe8aa4ebdae8646e7bfqhlc,56dd09ced5c7e378314efad5a5bdeab5jj7ob,0.0
0353aa9e97bd46119c90b8892f99982esfem3,b3a1eab4d0437cc0c8feb495fa8a720eez4gs,dbd1190dd19462115568e721afba78017qw0p,0.0
e9c8ee7f783723fe8496dd35232d88f2or1r1,a3d2de7675556553a5f08e4c88d2c228yqv23,aea8eeadeb5ded2bb1d1aa1b6f418b591f98q,0.0
1c66f261724506bee45dd18a4d221bfeh1687,523d65cdf95ef4c3d5f67658a3d1b23fbgkvb,b4fc5c0048ec622f68aeb16b45a659bfgqxjn,0.0
3a8124eb9fd3977e43f5e0762d9a09d536rob,a3d2de7675556553a5f08e4c88d2c228igbge,a3d2de7675556553a5f08e4c88d2c228fdnbs,0.0
666e1e141862a646afaa2b71fc7d2c25r1b4h,7b37213a56c74d0869364536f884c423b2u28,d6ece8ba02dd326d0d957ab351c13f801j3lw,0.0
1880a778c9dd0cb15ca1f052308a8e04g7e35,a3d2de7675556553a5f08e4c88d2c228cyw4h,a3d2de7675556553a5f08e4c88d2c228ko9vm,0.0
b7515e5f181a6d4884674897226cfe9cpd6d6,a3d2de7675556553a5f08e4c88d2c228ydojb,31489777d8b54dac44b657b6e6b929c06j9qw,0.0
6394edfbd35aab54801518835e33ed50hcr5f,618b6cc4cd96c64ebe6ae20da96f910aoy3cm,a9fe992abccea6d702209b4f250917873thms,0.0
37d71b4ae830fcfa6f0c4f65ec386414n8h5l,a3d2de7675556553a5f08e4c88d2c228psify,a3d2de7675556553a5f08e4c88d2c228rcv1g,0.0
eea590b4da2709c294e8db490f5997eadyc1e,3db1994994370f1293182cf4409853fc3478g,31df73973f106ede0a994658c3a786b00nhv8,0.0
2d82c3dc726d2bfa19c5f16ec3de5023lbse1,ace33a223a3ff9cd70268012578e07b35gye3,a3d2de7675556553a5f08e4c88d2c228m3gp1,0.0
44bc1c87245aac66d176620f6ac9611ddbcil,c1fc2cec8a794cf8cd93633a729c46dbqhuy9,9981ebe237098574e262399c19335341opqgv,0.0
ff12cd48c7de8ffb8b2099f262ce03980dqqz,98f83d56a28a79ea4d259699ed3c6242jd0sn,13cc91ca5faaa3340624630f661267228bne5,0.0
4ab56df4b1befe3e2ce5cd98e8950ba2psqq2,a3d2de7675556553a5f08e4c88d2c228k46e1,557ac769ddc2887ff34bb518ebc6d2een01qw,0.0
c0d065cc8cb585f027143f2ebc6b49f01g1wr,a3d2de7675556553a5f08e4c88d2c228v6hq1,1ff0eaf84512ac4e2b8dfaba89ca61dac07d7,0.0
5dda8ade6b5d4065f3119a381516c227yoz8y,316184ef7f0076aef02441a6787625efp1ig5,de2ce7caba651c229253988a73fcb90d424dw,0.0
cdf1fdd424a11dde166c4bf069d6998eph7b1,a3d2de7675556553a5f08e4c88d2c228vn5fp,0d794e3478362df5ab76a33f2346b9a54fdnh,0.0
04636b6c61c80f5325efe61183e8edb01ko20,a3d2de7675556553a5f08e4c88d2c228pg0ov,713b3406f40b2d6b6741381f5c7775eeujtni,0.0
25331706aa2157419da068e93f3989feyo7a0,a3d2de7675556553a5f08e4c88d2c22879hl7,5ecf23255942d32e59bf5ebe3dda4ef1l631l,0.0
9c509838d129fcee98cb3934079ca36asla50,a3d2de7675556553a5f08e4c88d2c228yyj66,fa7c5a29b73357781dfe14dc4d979d36u26ga,0.0
796961698c2f2442e73c5195062370caawzzo,a3d2de7675556553a5f08e4c88d2c228s21ag,a3d2de7675556553a5f08e4c88d2c2282qr4v,0.0
b42ef139c2dfbff8356e8886d2b109e06riso,a3d2de7675556553a5f08e4c88d2c228trh43,80d21df88e3139eb436bdea421ceabefbxf85,0.0
557f06b312e040ed3cd7dd2a011cb83avyut1,7df4ebd184668b4257f740b11d4519afq4ayr,b650404e1ab5d177020221277c3e9306k7gqj,0.0
9a272c3baede0633bab0e15ff98d207e3ldpv,a3d2de7675556553a5f08e4c88d2c228yenxf,a3d2de7675556553a5f08e4c88d2c228wuzmv,0.0
86e888c2dafacf13580a1211abf50961w6foa,af534356af7f7602c9ab15b1c161a1b5co7tn,7b778fdd1e455c37ecea425f39b68680ea7rv,1.0
5ccc30558d4c218cbb4d36872fb82a03rjxgz,84bc761ac8e334e3ef7ce2e143a1d331nd2q7,055a4f3c7826ccc9bd09d33ee939f826r5kc3,0.0
7291b7fba1b597d66bb8efd45fd0d354q71ka,a3d2de7675556553a5f08e4c88d2c228xpseb,0aa63018c8a306076deafc62d5783dcas3qx1,0.0
fcda141af3b545332fc3b2d55a8bba74uw7s0,a3d2de7675556553a5f08e4c88d2c228pz5qw,2da799e633b8604cca8545bf4c5d6df3rvnll,0.0
7da6a36817cf2d8c3be218a32ab25550c8kg7,a3d2de7675556553a5f08e4c88d2c2286m7ar,f080688f5b288ce385ba36bc169c2a2cjaydi,0.0
8783939eb63e5eb4e5cd412d8480f3955ipxu,467bda1890dd31880b104f8643a3d5d156ohq,e919d7479456f04b0926252194fb74fcvkdf8,0.0
ca9e2287e98a718e20a8ed117dfcd699gxsp8,141b0dd0a76fefee430a8fa90136426efhuc4,eb0d036dc33a16ce54296758f96b9d0b7rkf7,0.0
97ac4a68e5600c4b7a960d9580d4f251470mc,0e1b1fd75b018097176589714936a8b1n5rvq,65c9fc6e224f160b0bc9b7930fea6af9tkk0j,0.0
54957cfd12ec8c64918b6200ea25d27fsc9hx,a3d2de7675556553a5f08e4c88d2c228d437s,6931155ed7bdbe4d1bebe49c6eb6b1c9ui5x2,0.0
e10ae48cce1e198f7283064cc8a2f836iy0z6,a3d2de7675556553a5f08e4c88d2c228tjjdz,f93d1c2448125de4d85631be1903c358gi24d,0.0
c9fbbfcc89730e961499b4b30ffc4a98umxko,a3d2de7675556553a5f08e4c88d2c22827tsn,05b0fd3195fc98d3b7cef61e829d101ena0di,0.0
98ad4163bb0b1abf72f165056d4bf1a1g8ekg,a8a0359720eb8dff253efc37da79cbe2w7w0m,bdfcad9902f1ec65860d5225df4d3f526gh90,0.0
8152c94b639be88e7076f0e32bd70e0eg004b,efbf81d9f5135eab5948ec5a9b4e3e6654av5,a3d2de7675556553a5f08e4c88d2c2289ffep,0.0
ae37c0f4dc6e3d99f5b0243fd18294cak7pxy,9102f6fdeb031568eb60347506dc8d16c6l72,c94cf5c3c5205afe0ef14ce669e01565f8o96,0.0
46ceb58fb7a57d86a26cfa154c940a8cuktu7,ad19aeeceb84ce3736e1fa3ea141b6a31q0da,f0592cce790f936b8e76204bc3fb6bae35ge0,0.0
d1be739798ba0745a1fd72ac918a9f1929hei,f49162ea9903fc00e4721d2f7972df9d6az4s,5b1f6e97a1cc27cd7fa9a3fe17eccd2a6mpdv,0.0
84d75f71a61667cd327367453b4c0d2frury9,74aaf84406239c31da50fecf273d2c49wwi3e,1fb5b5cc541bd4861cba230b15e5ba15epf48,0.0
c8e474ba549fe924bff9d3f585a9943cg9aju,cfdd9ee88a6a6242e2708d659259e99clgxx3,a63c2edcb745eee741c7897e03496252wzwct,0.0
6ecd9f4b332eb790dc933aea0a1528e2qkp4y,b46df158c6859c28337a9772151ab236egcgi,a0ec9d652eeb937e1cc60fa19b09c7461gs79,0.0
38d9e2e83f25229bd75bfcdc39d776baz5zu2,97dabfb1ee053366d4ae0e52f86356a2myzxo,65dcea9d1aa2b50e10fbf0bb240d1aa6rt94v,0.0
3ee7de4c5a5e31b7b407827ae1370f70suenu,a3d2de7675556553a5f08e4c88d2c228m2qb6,17652d44ae24dea6e38ceafb3d4781bbh8j42,0.0
85371e59ea43c33c7e481ba3c214e893ail7f,a3d2de7675556553a5f08e4c88d2c228siylf,58a5341265e17fac0af5336a5eed3056lbwlb,0.0
67fd1325fbe3cd75a110cc80b9df9708l0w52,a3d2de7675556553a5f08e4c88d2c228kumbv,26dbc257c22789cd397f10c47ba28bcc5w6i5,0.0
6b3cff1e3d9398d4c125e7bcf612192dy1gwn,eb13250d634800efb8c259b3e6165602nm0xn,4819be3ba5964012078590a18a176c034cy3c,0.0
3073d007a5b42b827cc770ecf4805278xvvzl,a3d2de7675556553a5f08e4c88d2c228bv54e,722acf4fef7981716deaf09825a7f9b2ozlcw,0.0
f0fd9f1b3fc9ff10c2642b3bf81946e2rsq48,300e75bca5cf386869aade43471c7d59yicj6,b01abdc0bd2a2b5d830d05341d5bbfdfwydaq,0.0
4f7331589f84c6359bd693513bc9d7ddlitos,a3d2de7675556553a5f08e4c88d2c228ehpoa,53f83dcfa5eff5c0f33a09dd512cb20b38jeu,0.0
c08ae3075278ed0d139f00ead52ac2b0oy8nw,a3d2de7675556553a5f08e4c88d2c2281ucrh,fc48ed612ce549764060655593897af0i994s,0.0
6c55d253787acf5210f7d785546db80dqtleg,a3d2de7675556553a5f08e4c88d2c228nnt9y,be29df123baa2a40566b49ffa55d38bfn6jnz,0.0
235f78b13fc87c995c1f309403ee56bb54tu5,a3d2de7675556553a5f08e4c88d2c228qrv9c,d15ee88cfeb3597841cecd457ea7f83601giu,0.0
3d54d594ffba32e8d6527a688e7227e30iq3k,504228430b6de4c77e7bc1b140aaf33do2ftk,c7ea8dc8487e78eda4bdf70e85c58f27rzgfn,0.0
4579226b86f3ca5b5ea1597efabae4c42j4rw,a3d2de7675556553a5f08e4c88d2c2288b2dy,b7a660a668238df9f08f9cd71b68aa98r5qwe,0.0
8b809e18804865ff2a2e799c9a5e8a48mtxdh,2287dc2527c218d49f0ce50f1064a9526t78i,e9ac7750d73a796460f96b096b29725fkjli3,0.0
e0e5719b5d763eb4e04c7f6e4e32884cmlpj7,50dd5f59a45fcec00cfaf3d281db46c3of9my,a42865c7be34e6a5541182eee2363e3dolqpi,0.0
238808859d7752579a415e89a395500fh2o65,a3d2de7675556553a5f08e4c88d2c228evk1f,4fd51de375605e5dca2dc94413a72c4dod9gq,1.0
f268f61e075419e5a001b86ee78557e2kmg14,a3d2de7675556553a5f08e4c88d2c228qyok2,e4109b49256689115f742a060c6ee78d4b2lx,0.0
db12e9cad5e847cd7a40ec1ee649e475iwzqo,30a9f295085433ca3a1a3cea9b644d24ytevw,aaed475d3674cbb9326ac06ff4fc46f784v20,0.0
99acffc3cd9bfcd00668dbf472a1979350mxk,8782587a1caaf821011d23f2058c289fafxx5,ea349e9643eac4a7bfd988257e7bea339bzcz,0.0
40efc98d259ee36a8c2a387ba49f39d0fa39h,82eb4cc834e4a54966cface1db3743e3dz59n,bfa18e74b74960119f4453f6589445120r5va,0.0
eb8f9ca4a23586f5acc770fff966f654dy7g0,cfc0df4add7a5c18f03714ca0d085cccdqng6,388527c1edab85b660695423786558fa2v8a6,0.0
38e919293f5dbd62d87ce288e41aae2a281m2,a3d2de7675556553a5f08e4c88d2c228ocx73,937e24e5329b1758d1180c3b83041b1b78i8n,0.0
ae15accae2164aae084aef7e3524c1fflq962,a3d2de7675556553a5f08e4c88d2c228vu63m,a3d2de7675556553a5f08e4c88d2c228fvznj,0.0
1bb03cdb913f203f704caf8bf6840b6fbpigb,a3d2de7675556553a5f08e4c88d2c228a0liy,794abfcfc9a51569c6415a61a319b352x7hu8,0.0
7cb144485c703ac09fc73aa646041f72ogqwv,a3d2de7675556553a5f08e4c88d2c2286p0lo,b5f33a97eb5869b36e59289eff53360d87h4w,0.0
f2f10539ed947e4b141b2e9bf21af65ecz4f7,a3d2de7675556553a5f08e4c88d2c22811rr7,8140268ae414837d66cbd6a79d272ef3gpoio,1.0
3d48fb12020c1a81a65fdba2d75caf0d6q2nc,a3d2de7675556553a5f08e4c88d2c2282irae,c0688655078b9fd63d343bd4ae21194einlgt,0.0
4c341a39553faef07ddb917ea4e069ed0yi3y,b741ad79e09f5bcc76c8e25c994c072dnw92y,ad4e3935eeb3d878f690377ca9e7f712pzsd3,0.0
313ede314e2e05c31471fd6a93f98af713jud,a3d2de7675556553a5f08e4c88d2c228epw6v,185470724020a92c33cb4a30a7bc486bf9af8,0.0
c0e3343070766b359c664f93ca65040b6bh2k,17561e2b883803611f0db070f9e9362dbqvof,4325ea08daddec8318dd08862667572985v7v,1.0
0ef9be4eb3b6a03ac2945522964b242ap09cy,fb5676d4397beb3fede890e8eae0eacbvubzf,53d9329078247f6ec972c433ed9ad7aei3acu,0.0
10f01aff2fc23653ca7ea1d74248357a889wv,a3d2de7675556553a5f08e4c88d2c228zdo0k,1c4485b2258197d376ffcb94830d71b5lhhs1,0.0
6da536112251f09a006b0c5223f154d46en4j,a3d2de7675556553a5f08e4c88d2c228rlys5,3a863d0ccebdf828a6d4b791812ca13bd831q,0.0
175a06fdcf622c9455d0a77990b9302dj23ke,ce609704d5feae85f5d4dadb83b93ea34yskz,06d532f2346e5e4b2ba9352cb9a0c412mpruk,0.0
3d48d4b09fc7559bb6c129fb65c133808brgv,a3d2de7675556553a5f08e4c88d2c228v7i8p,dc1d1420698d3f0e44d0aa65507f54789xb48,0.0
14b2d98230228eab6a6db3efc41660d7kp23s,a3d2de7675556553a5f08e4c88d2c228omp7o,92364f64e3014aa46aab17e27ff9e407pfkcs,0.0
3c77ec9f79f6febf630325ef84f2a0bcl3qg1,3de316d31c2ee2ac6b54c75afa6b1314lwjh5,4bdd7ca82b34e5add2d512a5acea9d64fpzf2,0.0
43553dd8b9370fbba5efa6b652d9b43ezsj11,a3d2de7675556553a5f08e4c88d2c2285uhtm,be9995425d435af6a5037965959940cef4lc2,0.0
3e995d6f9dda5f29c02af4c9fcb94bac0csrw,a3d2de7675556553a5f08e4c88d2c228sn4ry,a0c0e027a636b74d94386f750994e889k7doa,0.0
067ff22ebf0d33fe0deedc816d75973865jo7,a3d2de7675556553a5f08e4c88d2c22848lqa,022b06519985716abd9fc8ce83540d58wsgo1,0.0
75613637a85df9328b743d33b0efbf1586qow,a3d2de7675556553a5f08e4c88d2c228sapy4,c201905876274a86e1a097e7aed2db492bidx,0.0
28c9a5ea8aae9fb4f6a755f94cd922361v9ow,a3d2de7675556553a5f08e4c88d2c2284ef9d,a3d2de7675556553a5f08e4c88d2c228ibr9l,0.0
0817731a4d2e319f6f771da3f522b8bfv6njs,a3d2de7675556553a5f08e4c88d2c228ioe4d,a3d2de7675556553a5f08e4c88d2c228ks2rv,0.0
8a3f5e16e4e689897d872716efeeaa0904tyl,a3d2de7675556553a5f08e4c88d2c22865xr0,9798cf9be963744234a88116fc4504bel54ql,0.0
65435e491aa69dd9d44d70a9aeb6e847oqlty,a3d2de7675556553a5f08e4c88d2c22826orw,271163ef0e8c0190f7a2dff12f806650gdmb6,0.0
efdf59a8ca81c5d3744f9121ac8fd2c7coy3g,7df4ebd184668b4257f740b11d4519afudnqw,b650404e1ab5d177020221277c3e93068wdt5,0.0
0870fb7e5701f3ba56762b03e157afdc1yw7u,613d09e710afb6fadb1bf31a7aefa61ebpe2b,a0c8b3c2ecadaa17b10a20f3f4b3348bpect6,0.0
74f153bd134afc92866a6bc5cceb2088120y0,a3d2de7675556553a5f08e4c88d2c228fd0s8,796f3dd849480319c21677833dc1a6c87c6p1,0.0
c0e1ecd40b81bda3b7dcec501334499dgzq17,a3d2de7675556553a5f08e4c88d2c2288o9u1,a3d2de7675556553a5f08e4c88d2c228rv2j2,0.0
a447127835855849fa2ee496d05e0847fgt68,2b35234407f1c947f6efa685e2765c53wgq5o,f1cbc047730182fce18540c4915fb6092pc9c,0.0
c8b23d6565e11d874e221f41440ffd25mrucd,a3d2de7675556553a5f08e4c88d2c2280jvul,2a96c3ce94b3be921e0296097b88b56ayi4xl,0.0
fbacab353140582a4b8ae3412eefecbc753vs,28da9cb34d5292a75c5f6be93a4309a1d7e1b,eed78ede08ab9875c204e982d435059djbvk5,0.0
57db69e32163f3e486dc6ef7d615aa12usje6,bf1c3151cc309308077ad0ccb99779ad12apw,31b95425d178b89fd7306762bb48bfb5n04sj,0.0
6ed39d7c89fa2d423017cc9811f0c469i2157,d3ec9c771460620df39b3f7d5cac3230i8d0f,6192ce0aef33ff50383796de19c02783azxul,0.0
ba258a455ca17f2c13cab3d0afc7de0b48h0t,a3d2de7675556553a5f08e4c88d2c2281zkt8,a3d2de7675556553a5f08e4c88d2c228hw36q,0.0
88bf2c0f5460e28deb5eca2ef8e5e809ol5ru,a3d2de7675556553a5f08e4c88d2c228ee18l,a3d2de7675556553a5f08e4c88d2c228at3zr,0.0
d056594c1d7976b6ad4ba23e2b4cea19l2i0t,5a26a418b5c2e6213c11f0db563df5bfnepni,80af1af24420aad7f1502d9f7aeb8a8alwjxy,0.0
2d73ed3974473a764859084d51334440k5q7s,a3d2de7675556553a5f08e4c88d2c228osyaq,63ce78587e427547c60b44e54d51a4c9kyemi,0.0
e50426efab1e9d60b8f7258130f8791czrpvg,8578da6ef85864cbd96c664b9541437fwesw2,a3d2de7675556553a5f08e4c88d2c228hpsif,0.0
50859deae0e0a599efde1725cde3a8b8dw86a,a3d2de7675556553a5f08e4c88d2c228n9i0g,a3d2de7675556553a5f08e4c88d2c228d2wd6,0.0
292dedb5371b8e0ebbeea57f14b35713e2ie2,a1c199eedffde52d4f33b43c99e4555bre0pn,67060558ced2c59c78726b09d6fb6ca4768ry,0.0
078e06b3288cf8f18ab7ed44b245fc56nbyfv,a3d2de7675556553a5f08e4c88d2c228j944v,a3d2de7675556553a5f08e4c88d2c228dk9uc,0.0
9ebd57da79b9286fd67a53e61528cf63a1w6c,a3d2de7675556553a5f08e4c88d2c2289c41h,ce0b318902ae2a4f5cc4023cea883d00au57y,0.0
6d1354e720cb9ec90e19e29f5f895669qh6g6,a3d2de7675556553a5f08e4c88d2c2283as3q,a3d2de7675556553a5f08e4c88d2c228nolgy,0.0
db88530db963dab43118aef5aba127ec29abp,a3d2de7675556553a5f08e4c88d2c228m7xbq,179f9d21fd5882e39ef35a29042ff5e963bh0,0.0
6c6c3559c5f656c71348f7cadf29bb12okgl1,2e70f6cd45baf50492959b203591962bu71s4,bd46b030012e4aada943de18a240768d484fp,0.0
6f07ce71625a0c57aa5c0c05071cba164jmba,a3d2de7675556553a5f08e4c88d2c228gempv,cdc5678852deac2488dc524243b52a432386p,0.0
f0e1c483773c2ef8466d152874872139e0wcu,a3d2de7675556553a5f08e4c88d2c2286tgbc,a3d2de7675556553a5f08e4c88d2c228rxq5y,0.0
adc548d88b9a307ce0b58a0d11d3ae14gcfon,a3d2de7675556553a5f08e4c88d2c228ltj6a,b8a74b4a32eefce87f9d90b3a4ff90646una2,0.0
6a3b1ee159716b743ddb8e07e499fadbhqn74,54d97c2dde1e48522738df6bb096fa0a2makt,f81816272cad57dde2465de510ada410vbiun,0.0
e8581ec94cd4d5009ab6b36c6aca9f0cp3txb,15229514d46393189fa602bce0efdaf7hn15z,e5955093ded72952ccff648b8f3d011f8iper,0.0
f90f13ddfc0f98cbe3c2346a2e30093cq6zo0,a3d2de7675556553a5f08e4c88d2c228yr4t0,d3430fdf2eedec7ca08f0c79ae5ab1dfv6ukc,0.0
fa6bfb4a2156dc8e73a713cdab85bc4bmcmwr,a3d2de7675556553a5f08e4c88d2c228huyx9,646157f38bd65984c4da59b948bfdb4dz9lyz,0.0
6182daa56cb0623719228c9e576b71fcpg8r8,bb97065ca7b313ebbee43f495d6f67a0r42bi,3ee4b535441c1b35d3f9aa3f7ed5ab88wzntx,0.0
5948bcd0f773286ff7d5cde332c7ae6918jt6,a3d2de7675556553a5f08e4c88d2c228wj3cj,ca8d4b018cb62966eebb2974f5a83b4foc212,0.0
9f280cd011f10593dc245dad1d93b11dy6rg5,757672cd1f4fda16193dad310437e7eesa91t,fae4aa06acd27a678151f37cad20d952hhetx,0.0
0918eedd8324da06abe5600f058480dc75nfo,4367eaae288fece0c09a04928dbcf040nxt4l,9ea3d074593df8db60611a47f0481d6bobya5,0.0
c89ad997f646e388fe375d7fe33a3727dzrh0,3e9073fb9219ceb4a1dc9dbb9e1acbe9ndmaf,47edf6ca0adf0585ba8db14da7399312wro0q,0.0
8b4bcc98fa4666b22c7a17c9a4b93ebenlmlb,0647a2453a1cac0c13db8695eec0957alo79x,649568ef6de7a718f130d1fb57910e8fwkk95,0.0
3995d9ce0cebd62d77cb8add067d93e15oezc,a3d2de7675556553a5f08e4c88d2c228iiy76,24e117990344c316f4fc9cd8daef678cxr86i,0.0
bb4af76ec92ce75e8abe9a6a481d4314jyo16,a3d2de7675556553a5f08e4c88d2c2283ismm,3c4931dbdf97915fa06dc91a8f558184efp54,0.0
69e97e52dd6428671f46f2ab6567172d8mfar,a3d2de7675556553a5f08e4c88d2c228nnqvc,e50e335b1185b52684af57adec054b602f7co,0.0
ffc4e2dd2cc08249f299cab46ecbfacfobmr3,15599f95d9b93471115524963ca2be217u8m4,ae8ea67c5321d60e9b34cc779488d081rbqkb,0.0
8cab09b069755eca2b4e7fd6f6981d7d8n88o,a3d2de7675556553a5f08e4c88d2c2286yes1,adae67b377a53938d42d7ad531fc28e31179z,0.0
30ef7862d69b3440ebf2726ee85a0b8397ta7,a3d2de7675556553a5f08e4c88d2c22807n17,a3d2de7675556553a5f08e4c88d2c228ij9c9,0.0
bdbcdf6a935f4d1781a2d33bcc4967130bdqy,b093f771379055ae62732345654d21e4ehd4q,6b707e589ec6e65da41f63ae2e2badcel2uu3,0.0
a71f9ab1d130394882cbdab3c886f1b0fm6hu,0bfb4fc009d2cc9aeb3f14a0f4aca2ee1vhkk,d391ee155be3efbc274301bc508d6216bwqis,0.0
0141844fc725a85e38e12cc02fcdbbe8ofqxv,a3d2de7675556553a5f08e4c88d2c2284uvx7,9b9302aa50ad7cd5cbbe175e840cdc90a1x7h,0.0
9f52fd88ba073512be19e3d24d4bb6f91l531,8295a53dabbf5707f55ccb39b5d70dd2fzy6d,881f29da6c45c308ce2aa9ccdca56a15t5bz3,0.0
ba194af5111cfcf1dd95eb36160c728ds4kcy,a3d2de7675556553a5f08e4c88d2c228th6cw,08a343aa57e1823474839a0fcfd10454dgvyv,0.0
32dd072b16a69411ba3f67992ecc3e2144j5g,a3d2de7675556553a5f08e4c88d2c228jbvqh,a3d2de7675556553a5f08e4c88d2c228h2zq8,0.0
9d1506d6779356dda24ed87d41f3be39yn1rc,a3d2de7675556553a5f08e4c88d2c228wcuk3,03660f964fb9eb0813b800abd4cf6367q1v1h,0.0
7f807b2eb6c391d55e67bcdf7e1cbb3fhylw0,6cf4fc440017612362835dc5b14ee88egifmn,264ec6be2f5cf78884518c962c75dcb1nfay8,0.0
3e9180fdf158409adc96aceffab6e00bejjah,a3d2de7675556553a5f08e4c88d2c228mrmbm,a3d2de7675556553a5f08e4c88d2c228nu9tz,0.0
ff92ea4abd33ed38601287f0e1d6726dmgx1f,a3d2de7675556553a5f08e4c88d2c228xi3eh,794abfcfc9a51569c6415a61a319b352fb869,0.0
461b089147eb78c582ca8a30fa7581a7mflo5,a3d2de7675556553a5f08e4c88d2c228udztl,a3d2de7675556553a5f08e4c88d2c228kuwzs,0.0
332484ddd66b9a3db89ee68f08b1288amq90u,3bfa138e4b746fa72c1c523fe064848b0xggx,0b928d8918acfe3b2aae76a2338f358789wxf,0.0
9a5fb8e2e5add29b006d789e4cfd1513paga5,a3d2de7675556553a5f08e4c88d2c2281liok,a56da5ea0b263def842ede9986c191dbzkpx0,0.0
e7445f6107c8cd3783fa722c7dd29fe6rcd3a,a3d2de7675556553a5f08e4c88d2c228ic84b,fe55299ec6de4ac8d58e9facf04c0b18mnqoa,0.0
17dbe14676cd3a3cb8a7edb438622f7fv2scv,43940101075a04b92e52861e26726793ehmqk,3e34dcc241581a63014008f493e52615f20yy,0.0
5c32e357936f8977277d9b23d8f09f34v41wt,a3d2de7675556553a5f08e4c88d2c2286kumh,a3d2de7675556553a5f08e4c88d2c228fsg9b,0.0
8e1f8e5907b3cc256a2a57ae9ac81e063gbz4,a3d2de7675556553a5f08e4c88d2c228tfehz,a3d2de7675556553a5f08e4c88d2c228va9gb,0.0
400e8b5b5447b4d11e06a8bb0754d8d6l6xoy,436c88830b36861b34a9ad264081982f4tgda,a8b1c637438b418dd73b7c03fa8d86d8y6gid,0.0
1982c4b164171180d480166feae881ecmxsgl,5029fcb6fa6352ec4f0432bacbc1fb417483i,4b7e30f089f81548bc4ee02c727040b018rbg,0.0
6f6c9a1964fd4bbc082f2afdbf2d2af6ypdhn,a3d2de7675556553a5f08e4c88d2c228sq35s,df1e4421e4d191d64b7694c5169ba23eta43z,0.0
04c6b750b0552089c87ae03de72289cfcpfmh,34e07f5da5b87ad058fda64e7125ae00pvvcp,1a227d7e2fc7439b3ef8555485c1eebbvhtwe,0.0
33031f476dec19fe47c0e3a051a68e992hmwv,59f9a7ee8e3266b7f3e37692a99c851d33haf,f6702d459e2dfe670eba83d9a256992f9c0hc,0.0
d110111b8700f290b5d03a0e243fe375r3woe,a3d2de7675556553a5f08e4c88d2c228ageho,a3d2de7675556553a5f08e4c88d2c2284s601,0.0
a58ace8b671a7531c88814bc86b2a34cf0crb,a3d2de7675556553a5f08e4c88d2c22817wsw,a3d2de7675556553a5f08e4c88d2c228qg5i2,0.0
9e72fb21f7581cfff84e833d02538e5ar35kr,a1ff961807810b9ea1df54d2806cc7dd131y7,a3d2de7675556553a5f08e4c88d2c228slviy,0.0
8b253bd318229b3eea3f459bd81b8347khytb,a3d2de7675556553a5f08e4c88d2c228bws9s,a3d2de7675556553a5f08e4c88d2c228tt4lv,0.0
74866aaa89db79f25dc0fae8be067b83xlbm6,a3d2de7675556553a5f08e4c88d2c228ww56s,a3d2de7675556553a5f08e4c88d2c228v0mbb,0.0
62ac0de5f8776ca1d189297bdea9a64cmewb9,dc810553cbe65ed2115a6c3bd3545c4cphlcz,846c31cc9b3e534fb66d758fb7305deee4ge5,0.0
c780bc2dc7ab83d5e5c85dd13f0f7fdecfxjq,a165c844ab870a708c54ca6e669f14d9c5pep,c98f3e2b040d17a891e74410dce9e13amfceu,1.0
4dd7f98cfffffd6f4707fd0deb4a00b5rj9wv,802b586a373333f0d1737c049782aeaeqbvdy,ca94320962ecec2fd1549f647fa2b4ad93zas,0.0
0af208c4fc46ef9236052ff495016326zxoqf,a3d2de7675556553a5f08e4c88d2c22840m0z,960dfad24dd10f8ddbab76942b56fb1dj6955,0.0
